{"cameraMode":{"drawMode":0,"name":"Shaded","section":"Shading Mode"},"sceneLighting":false,"audioPlay":false,"sceneViewState":{"m_AlwaysRefresh":false,"showFog":true,"showSkybox":false,"showFlares":true,"showImageEffects":true,"showParticleSystems":true,"showVisualEffectGraphs":true,"m_FxEnabled":true},"in2DMode":false,"pivot":{"x":-2.4420218467712404,"y":0.13310718536376954,"z":9.658702850341797},"rotation":{"x":0.3733311593532562,"y":0.36491647362709048,"z":-0.1626596748828888,"w":0.8372767567634583},"size":10.348243713378907,"orthographic":true}