{"cameraMode":{"drawMode":0,"name":"Shaded","section":"Shading Mode"},"sceneLighting":false,"audioPlay":false,"sceneViewState":{"m_AlwaysRefresh":false,"showFog":true,"showSkybox":false,"showFlares":true,"showImageEffects":true,"showParticleSystems":true,"showVisualEffectGraphs":true,"m_FxEnabled":true},"in2DMode":false,"pivot":{"x":14.665495872497559,"y":-0.30073118209838869,"z":-3.7043662071228029},"rotation":{"x":0.3733311593532562,"y":0.36491647362709048,"z":-0.1626596748828888,"w":0.8372767567634583},"size":11.113592147827149,"orthographic":true}