{"cameraMode":{"drawMode":0,"name":"Shaded","section":"Shading Mode"},"sceneLighting":false,"audioPlay":false,"sceneViewState":{"m_AlwaysRefresh":false,"showFog":true,"showSkybox":false,"showFlares":true,"showImageEffects":true,"showParticleSystems":true,"showVisualEffectGraphs":true,"m_FxEnabled":true},"in2DMode":false,"pivot":{"x":0.0000011920928955078126,"y":0.21290816366672517,"z":0.24480056762695313},"rotation":{"x":0.00022254232317209244,"y":0.9997716546058655,"z":0.01468834187835455,"w":-0.016197700053453447},"size":3.3273558616638185,"orthographic":false}