{"cameraMode":{"drawMode":0,"name":"Shaded","section":"Shading Mode"},"sceneLighting":false,"audioPlay":false,"sceneViewState":{"m_AlwaysRefresh":false,"showFog":true,"showSkybox":false,"showFlares":true,"showImageEffects":true,"showParticleSystems":true,"showVisualEffectGraphs":true,"m_FxEnabled":true},"in2DMode":false,"pivot":{"x":11.645960807800293,"y":0.07800006866455078,"z":-2.3408803939819338},"rotation":{"x":0.3733311593532562,"y":0.36491647362709048,"z":-0.1626596748828888,"w":0.8372767567634583},"size":7.725773811340332,"orthographic":true}