{"cameraMode":{"drawMode":0,"name":"Shaded","section":"Shading Mode"},"sceneLighting":false,"audioPlay":false,"sceneViewState":{"m_AlwaysRefresh":false,"showFog":true,"showSkybox":false,"showFlares":true,"showImageEffects":true,"showParticleSystems":true,"showVisualEffectGraphs":true,"m_FxEnabled":true},"in2DMode":false,"pivot":{"x":1.9416799545288087,"y":0.5237636566162109,"z":-0.5462303161621094},"rotation":{"x":0.3733311593532562,"y":0.36491647362709048,"z":-0.1626596748828888,"w":0.8372767567634583},"size":17.762311935424806,"orthographic":true}