{"cameraMode":{"drawMode":0,"name":"Shaded","section":"Shading Mode"},"sceneLighting":false,"audioPlay":false,"sceneViewState":{"m_AlwaysRefresh":false,"showFog":true,"showSkybox":false,"showFlares":true,"showImageEffects":true,"showParticleSystems":true,"showVisualEffectGraphs":true,"m_FxEnabled":true},"in2DMode":false,"pivot":{"x":-20.420000076293947,"y":-0.059999942779541019,"z":5.849999904632568},"rotation":{"x":0.3733311593532562,"y":0.36491647362709048,"z":-0.1626596748828888,"w":0.8372767567634583},"size":5.430810928344727,"orthographic":true}